Coach Number,Coach Type,Coach Category,
10M21001M,10M2 ,M,
10M21002M,10M2,M,
10M50001M,10M5,M,
10M50002M,10M5,M,
10M50003M,10M5,M,
10M50016M,10M5,M,
10M50017M,10M5,M,
10M50018M,10M5,M,
10M50064M,10M5,M,
10M50065M,10M5,M,
10M50066M,10M5,M,
10M50067M,10M5,M,
10M50068M,10M5,M,
10M50069M,10M5,M,
10M50070M,10M5,M,
10M50071M,10M5,M,
10M50072M,10M5,M,
10M50073M,10M5,M,
10M50074M,10M5,M,
10M50075M,10M5,M,
10M50076M,10M5,M,
10M50077M,10M5,M,
10M50078M,10M5,M,
10M50079M,10M5,M,
10M50080M,10M5,M,
10M50081M,10M5,M,
10M50082M,10M5,M,
10M50083M,10M5,M,
10M50084M,10M5,M,
10M50085M,10M5,M,
10M50086M,10M5,M,
10M50331M,10M5,M,
10M50332M,10M5,M,
10M50333M,10M5,M,
10M50334M,10M5,M,
10M50335M,10M5,M,
10M50336M,10M5,M,
10M50337M,10M5,M,
10M50338M,10M5,M,
10M50339M,10M5,M,
10M50340M,10M5,M,
10M50341M,10M5,M,
10M50342M,10M5,M,
10M50343M,10M5,M,
10M50344M,10M5,M,
10M50345M,10M5,M,
10M50346M,10M5,M,
10M50347M,10M5,M,
10M50348M,10M5,M,
10M50420M,10M5,M,
10M50421M,10M5,M,
10M50422M,10M5,M,
10M50425M,10M5,M,
10M50426M,10M5,M,
10M50427M,10M5,M,
10M50428M,10M5,M,
10M50429M,10M5,M,
10M50430M,10M5,M,
10M50431M,10M5,M,
10M50432M,10M5,M,
10M50433M,10M5,M,
10M50434M,10M5,M,
10M50435M,10M5,M,
10M50436M,10M5,M,
10M50437M,10M5,M,
10M50438M,10M5,M,
10M50439M,10M5,M,
10M50440M,10M5,M,
10M50441M,10M5,M,
10M50442M,10M5,M,
10M50443M,10M5,M,
10M50444M,10M5,M,
10M50445M,10M5,M,
10M50446M,10M5,M,
10M50447M,10M5,M,
10M50450M,10M5,M,
10M50452M,10M5,M,
10M50484M,10M5,M,
10M50501M,10M5,M,
10M50503M,10M5,M,
10M50504M,10M5,M,
10M50505M,10M5,M,
10M50506M,10M5,M,
10M50507M,10M5,M,
10M50509M,10M5,M,
10M50510M,10M5,M,
10M50520M,10M5,M,
10M50521M,10M5,M,
10M50522M,10M5,M,
10M50523M,10M5,M,
10M50714M,10M5,M,
10M50715M,10M5,M,
10M50716M,10M5,M,
10M50717M,10M5,M,
10M50718M,10M5,M,
10M50719M,10M5,M,
10M50751M,10M5,M,
10M50752M,10M5,M,
10M50753M,10M5,M,
10M50754M,10M5,M,
10M50755M,10M5,M,
10M50756M,10M5,M,
10M50757M,10M5,M,
10M50758M,10M5,M,
10M50759M,10M5,M,
10M50760M,10M5,M,
10M50761M,10M5,M,
10M50762M,10M5,M,
10M50763M,10M5,M,
10M50764M,10M5,M,
10M50765M,10M5,M,
10M50766M,10M5,M,
10M50767M,10M5,M,
10M50768M,10M5,M,
10M50769M,10M5,M,
10M50770M,10M5,M,
10M50915M,10M5,M,
10M50919M,10M5,M,
10M50939M,10M5,M,
10M50959M,10M5,M,
10M50995M,10M5,M,
10M51007M,10M5,M,
10M51012M,10M5,M,
10M51016M,10M5,M,
10M51056M,10M5,M,
10M51060M,10M5,M,
10M51124M,10M5,M,
10M51128M,10M5,M,
10M51132M,10M5,M,
10M51136M,10M5,M,
10M51140M,10M5,M,
10M51144M,10M5,M,
10M51148M,10M5,M,
10M51152M,10M5,M,
10M51172M,10M5,M,
10M51176M,10M5,M,
10M51180M,10M5,M,
10M51184M,10M5,M,
10M51188M,10M5,M,
10M51192M,10M5,M,
10M51196M,10M5,M,
10M51228M,10M5,M,
10M51232M,10M5,M,
10M51240M,10M5,M,
10M51236M,10M5,M,
10M21003T,10M2,T,
10M50004T,10M5T,T,
10M50005T,10M5T,T,
10M50006T,10M5T,T,
10M50007T,10M5T,T,
10M50008T,10M5T,T,
10M50009T,10M5T,T,
10M50010T,10M5T,T,
10M50011T,10M5T,T,
10M50012T,10M5T,T,
10M50013T,10M5T,T,
10M50014T,10M5T,T,
10M50015T,10M5T,T,
10M50019T,10M5T,T,
10M50020T,10M5T,T,
10M50021T,10M5T,T,
10M50022T,10M5T,T,
10M50023T,10M5T,T,
10M50024T,10M5T,T,
10M50087T,10M5T,T,
10M50088T,10M5T,T,
10M50089T,10M5T,T,
10M50090T,10M5T,T,
10M50091T,10M5T,T,
10M50092T,10M5T,T,
10M50093T,10M5T,T,
10M50094T,10M5T,T,
10M50095T,10M5T,T,
10M50096T,10M5T,T,
10M50097T,10M5T,T,
10M50098T,10M5T,T,
10M50099T,10M5T,T,
10M50100T,10M5T,T,
10M50101T,10M5T,T,
10M50102T,10M5T,T,
10M50103T,10M5T,T,
10M50104T,10M5T,T,
10M50105T,10M5T,T,
10M50106T,10M5T,T,
10M50107T,10M5T,T,
10M50108T,10M5T,T,
10M50109T,10M5T,T,
10M50110T,10M5T,T,
10M50111T,10M5T,T,
10M50112T,10M5T,T,
10M50113T,10M5T,T,
10M50114T,10M5T,T,
10M50115T,10M5T,T,
10M50116T,10M5T,T,
10M50117T,10M5T,T,
10M50118T,10M5T,T,
10M50119T,10M5T,T,
10M50120T,10M5T,T,
10M50121T,10M5T,T,
10M50122T,10M5T,T,
10M50123T,10M5T,T,
10M50124T,10M5T,T,
10M50125T,10M5T,T,
10M50126T,10M5T,T,
10M50127T,10M5T,T,
10M50128T,10M5T,T,
10M50129T,10M5T,T,
10M50130T,10M5T,T,
10M50131T,10M5T,T,
10M50132T,10M5T,T,
10M50133T,10M5T,T,
10M50134T,10M5T,T,
10M50135T,10M5T,T,
10M50136T,10M5T,T,
10M50137T,10M5T,T,
10M50138T,10M5T,T,
10M50139T,10M5T,T,
10M50140T,10M5T,T,
10M50141T,10M5T,T,
10M50142T,10M5T,T,
10M50143T,10M5T,T,
10M50144T,10M5T,T,
10M50145T,10M5T,T,
10M50146T,10M5T,T,
10M50147T,10M5T,T,
10M50148T,10M5T,T,
10M50149T,10M5T,T,
10M50350T,10M5T,T,
10M50352T,10M5T,T,
10M50353T,10M5T,T,
10M50354T,10M5T,T,
10M50355T,10M5T,T,
10M50356T,10M5T,T,
10M50357T,10M5T,T,
10M50358T,10M5T,T,
10M50359T,10M5T,T,
10M50360T,10M5T,T,
10M50361T,10M5T,T,
10M50362T,10M5T,T,
10M50363T,10M5T,T,
10M50364T,10M5T,T,
10M50365T,10M5T,T,
10M50366T,10M5T,T,
10M50367T,10M5T,T,
10M50368T,10M5T,T,
10M50369T,10M5T,T,
10M50370T,10M5T,T,
10M50371T,10M5T,T,
10M50372T,10M5T,T,
10M50373T,10M5T,T,
10M50374T,10M5T,T,
10M50375T,10M5T,T,
10M50376T,10M5T,T,
10M50377T,10M5T,T,
10M50378T,10M5T,T,
10M50379T,10M5T,T,
10M50380T,10M5T,T,
10M50381T,10M5T,T,
10M50382T,10M5T,T,
10M50383T,10M5T,T,
10M50385T,10M5T,T,
10M50386T,10M5T,T,
10M50387T,10M5T,T,
10M50389T,10M5T,T,
10M50390T,10M5T,T,
10M50391T,10M5T,T,
10M50392T,10M5T,T,
10M50393T,10M5T,T,
10M50394T,10M5T,T,
10M50395T,10M5T,T,
10M50396T,10M5T,T,
10M50397T,10M5T,T,
10M50398T,10M5T,T,
10M50399T,10M5T,T,
10M50400T,10M5T,T,
10M50553T,10M5T,T,
10M50554T,10M5T,T,
10M50555T,10M5T,T,
10M50556T,10M5T,T,
10M50557T,10M5T,T,
10M50569T,10M5T,T,
10M50570T,10M5T,T,
10M50571T,10M5T,T,
10M50572T,10M5T,T,
10M50573T,10M5T,T,
10M50574T,10M5T,T,
10M50575T,10M5T,T,
10M50576T,10M5T,T,
10M50577T,10M5T,T,
10M50578T,10M5T,T,
10M50579T,10M5T,T,
10M50580T,10M5T,T,
10M50581T,10M5T,T,
10M50595T,10M5T,T,
10M50596T,10M5T,T,
10M50597T,10M5T,T,
10M50598T,10M5T,T,
10M50599T,10M5T,T,
10M50600T,10M5T,T,
10M50601T,10M5T,T,
10M50602T,10M5T,T,
10M50603T,10M5T,T,
10M50604T,10M5T,T,
10M50605T,10M5T,T,
10M50606T,10M5T,T,
10M50607T,10M5T,T,
10M50608T,10M5T,T,
10M50609T,10M5T,T,
10M50610T,10M5T,T,
10M50611T,10M5T,T,
10M50612T,10M5T,T,
10M50613T,10M5T,T,
10M50614T,10M5T,T,
10M50615T,10M5T,T,
10M50616T,10M5T,T,
10M50617T,10M5T,T,
10M50618T,10M5T,T,
10M50619T,10M5T,T,
10M50652T,10M5T,T,
10M50653T,10M5T,T,
10M50654T,10M5T,T,
10M50655T,10M5T,T,
10M50656T,10M5T,T,
10M50657T,10M5T,T,
10M50658T,10M5T,T,
10M50659T,10M5T,T,
10M50660T,10M5T,T,
10M50661T,10M5T,T,
10M50662T,10M5T,T,
10M50663T,10M5T,T,
10M50664T,10M5T,T,
10M50665T,10M5T,T,
10M50666T,10M5T,T,
10M50667T, 5M2AT,T,
10M50668T,10M5T,T,
10M50669T,10M5T,T,
10M50670T,10M5T,T,
10M50671T,10M5T,T,
10M50673T,10M5T,T,
10M50674T, 5M2AT,T,
10M50675T,10M5T,T,
10M50676T,10M5T,T,
10M50677T,10M5T,T,
10M50678T,10M5T,T,
10M50679T,10M5T,T,
10M50680T,10M5T,T,
10M50681T,10M5T,T,
10M50682T,10M5T,T,
10M50683T,10M5T,T,
10M50684T,10M5T,T,
10M50685T,10M5T,T,
10M50686T, 5M2AT,T,
10M50687T,10M5T,T,
10M50688T,10M5T,T,
10M50689T,10M5T,T,
10M50698T,10M5T,T,
10M50705T,10M5T,T,
10M50706T,10M5T,T,
10M50707T,10M5T,T,
10M50708T,10M5T,T,
10M50709T,10M5T,T,
10M50710T,10M5T,T,
10M50711T,10M5T,T,
10M50712T,10M5T,T,
10M50713T,10M5T,T,
10M50771T,10M5T,T,
10M50772T,10M5T,T,
10M50773T,10M5T,T,
10M50774T,10M5T,T,
10M50775T,10M5T,T,
10M50776T,10M5T,T,
10M50777T,10M5T,T,
10M50778T,10M5T,T,
10M50779T,10M5T,T,
10M50780T,10M5T,T,
10M50781T,10M5T,T,
10M50782T,10M5T,T,
10M50783T,10M5T,T,
10M50784T,10M5T,T,
10M50785T,10M5T,T,
10M50786T,10M5T,T,
10M50787T,10M5T,T,
10M50788T,10M5T,T,
10M50789T,10M5T,T,
10M50790T,10M5T,T,
10M50791T,10M5T,T,
10M50792T,10M5T,T,
10M50793T,10M5T,T,
10M50794T,10M5T,T,
10M50795T,10M5T,T,
10M50796T,10M5T,T,
10M50797T,10M5T,T,
10M50798T,10M5T,T,
10M50799T,10M5T,T,
10M50800T,10M5T,T,
10M50801T,10M5T,T,
10M50802T,10M5T,T,
10M50803T,10M5T,T,
10M50804T,10M5T,T,
10M50805T,10M5T,T,
10M50806T,10M5T,T,
10M50807T,10M5T,T,
10M50808T,10M5T,T,
10M50809T,10M5T,T,
10M50810T,10M5T,T,
10M50811T,10M5T,T,
10M50812T,10M5T,T,
10M50813T,10M5T,T,
10M50814T,10M5T,T,
10M50815T,10M5T,T,
10M50816T,10M5T,T,
10M50817T,10M5T,T,
10M50818T,10M5T,T,
10M50819T,10M5T,T,
10M50820T,10M5T,T,
10M50821T,10M5T,T,
10M50822T,10M5T,T,
10M50823T,10M5T,T,
10M50824T,10M5T,T,
10M50825T,10M5T,T,
10M50826T,10M5T,T,
10M50827T,10M5T,T,
10M50828T,10M5T,T,
10M50829T,10M5T,T,
10M50830T,10M5T,T,
10M50831T,10M5T,T,
10M50832T,10M5T,T,
10M50833T,10M5T,T,
10M50834T,10M5T,T,
10M50835T,10M5T,T,
10M50836T,10M5T,T,
10M50837T,10M5T,T,
10M50838T,10M5T,T,
10M50839T,10M5T,T,
10M50840T,10M5T,T,
10M50841T,10M5T,T,
10M50842T,10M5T,T,
10M50843T,10M5T,T,
10M50844T,10M5T,T,
10M50845T,10M5T,T,
10M50846T,10M5T,T,
10M50847T,10M5T,T,
10M50848T,10M5T,T,
10M50849T,10M5T,T,
10M50850T,10M5T,T,
10M50851T,10M5T,T,
10M50906T,10M5T,T,
10M50913T,10M5T,T,
10M50976T,10M5T,T,
10M50977T,10M5T,T,
10M50978T,10M5T,T,
10M50980T,10M5T,T,
10M50981T,10M5T,T,
10M50982T,10M5T,T,
10M50984T,10M5T,T,
10M50994T,10M5T,T,
10M50996T,10M5T,T,
10M50997T,10M5T,T,
10M50998T,10M5T,T,
10M51006T,10M5T,T,
10M51008T,10M5T,T,
10M51009T,10M5T,T,
10M51010T,10M5T,T,
10M51011T,10M5T,T,
10M51013T,10M5T,T,
10M51014T, 5M2AT,T,
10M51015T, 5M2AT,T,
10M51017T,10M5T,T,
10M51046T,10M5T,T,
10M51121T,10M5T,T,
10M51122T,10M5T,T,
10M51123T,10M5T,T,
10M51125T,10M5T,T,
10M51126T,10M5T,T,
10M51127T,10M5T,T,
10M51129T,10M5T,T,
10M51130T,10M5T,T,
10M51131T,10M5T,T,
10M51133T,10M5T,T,
10M51134T, 5M2AT,T,
10M51135T,10M5T,T,
10M51137T,10M5T,T,
10M51138T,10M5T,T,
10M51139T, 5M2AT,T,
10M51141T,10M5T,T,
10M51142T,10M5T,T,
10M51143T,10M5T,T,
10M51145T,10M5T,T,
10M51146T,10M5T,T,
10M51147T,10M5T,T,
10M51149T,10M5T,T,
10M51150T,10M5T,T,
10M51151T,10M5T,T,
10M51153T,10M5T,T,
10M51154T, 5M2AT,T,
10M51155T,10M5T,T,
10M51157T,10M5T,T,
10M51158T,10M5T,T,
10M51159T,10M5T,T,
10M51162T,10M5T,T,
10M51163T,10M5T,T,
10M51165T,10M5T,T,
10M51166T,10M5T,T,
10M51167T,10M5T,T,
10M51170T,10M5T,T,
10M51171T,10M5T,T,
10M51173T,10M5T,T,
10M51175T,10M5T,T,
10M51177T,10M5T,T,
10M51178T,10M5T,T,
10M51179T, 5M2AT,T,
10M51181T,10M5T,T,
10M51182T,10M5T,T,
10M51183T, 5M2AT,T,
10M51185T,10M5T,T,
10M51186T,10M5T,T,
10M51187T,10M5T,T,
10M51189T,10M5T,T,
10M51190T,10M5T,T,
10M51191T,10M5T,T,
10M51193T,10M5T,T,
10M51194T, 5M2AT,T,
10M51195T,10M5T,T,
10M51197T,10M5T,T,
10M51198T,10M5T,T,
10M51199T,10M5T,T,
10M51201T,10M5T,T,
10M51202T,10M5T,T,
10M51203T,10M5T,T,
10M51205T,10M5T,T,
10M51206T,10M5T,T,
10M51207T,10M5T,T,
10M51209T,10M5T,T,
10M51210T,10M5T,T,
10M51211T,10M5T,T,
10M51213T,10M5T,T,
10M51214T,10M5T,T,
10M51215T,10M5T,T,
10M51217T,10M5T,T,
10M51218T,10M5T,T,
10M51219T,10M5T,T,
10M51221T,10M5T,T,
10M51222T,10M5T,T,
9070T, 5M2AT,T,
13089,5M2A,M,
13288,5M2A,M,
13294,5M2A,M,
13299,5M2A,M,
13304,5M2A,M,
13305,5M2A,M,
13311,5M2A,M,
13313,5M2A,M,
13314,5M2A,M,
13316,5M2A,M,
13317,5M2A,M,
13319,5M2A,M,
13341,5M2A,M,
13342,5M2A,M,
13343,5M2A,M,
13344,5M2A,M,
13345,5M2A,M,
13347,5M2A,M,
13348,5M2A,M,
13349,5M2A,M,
13350,5M2A,M,
13351,5M2A,M,
13352,5M2A,M,
13353,5M2A,M,
13354,5M2A,M,
13391,5M2A,M,
13392,5M2A,M,
13501,5M2A,M,
13504,5M2A,M,
13506,5M2A,M,
13507,5M2A,M,
13508,5M2A,M,
13511,5M2A,M,
13513,5M2A,M,
13514,5M2A,M,
13533,5M2A,M,
13593,5M2A,M,
13595,5M2A,M,
13600,5M2A,M,
13603,5M2A,M,
17544,5M2A,M,
17546,5M2A,M,
17547,5M2A,M,
17609,5M2A,M,
17612,5M2A,M,
17616,5M2A,M,
19537,5M2A,M,
19538,5M2A,M,
19539,5M2A,M,
19541,5M2A,M,
19543,5M2A,M,
19544,5M2A,M,
19613,5M2A,M,
19614,5M2A,M,
19617,5M2A,M,
19618,5M2A,M,
19619,5M2A,M,
19620,5M2A,M,
19621,5M2A,M,
19622,5M2A,M,
19623,5M2A,M,
19625,5M2A,M,
19629,5M2A,M,
19631,5M2A,M,
19634,5M2A,M,
19638,5M2A,M,
19648,5M2A,M,
19652,5M2A,M,
19656,5M2A,M,
9122,5M2A,M,
9125,5M2A,M,
9129,5M2A,M,
9135,5M2A,M,
9136,5M2A,M,
9137,5M2A,M,
9140,5M2A,M,
9294,5M2A,M,
9296,5M2A,M,
9300,5M2A,M,
9310,5M2A,M,
9314,5M2A,M,
9317,5M2A,M,
13303,10M2 ,M,
19540,10M5,M,
10007T, 5M2AT,T,
10036T, 5M2AT,T,
10044T, 5M2AT,T,
10045T, 5M2AT,T,
10048T, 5M2AT,T,
10051T, 5M2AT,T,
10054T, 5M2AT,T,
10055T, 5M2AT,T,
10056T, 5M2AT,T,
10057T, 5M2AT,T,
10635T, 5M2AT,T,
10643T, 5M2AT,T,
10747T, 5M2AT,T,
10748T, 5M2AT,T,
10751T, 5M2AT,T,
10761T, 5M2AT,T,
10762T, 5M2AT,T,
10763T, 5M2AT,T,
10765T, 5M2AT,T,
10767T, 5M2AT,T,
10768T, 5M2AT,T,
10774T, 5M2AT,T,
10780T, 5M2AT,T,
10781T, 5M2AT,T,
10782T, 5M2AT,T,
10784T, 5M2AT,T,
10785T, 5M2AT,T,
10787T, 5M2AT,T,
10790T, 5M2AT,T,
10791T, 5M2AT,T,
10792T, 5M2AT,T,
10793T, 5M2AT,T,
10794T, 5M2AT,T,
10799T, 5M2AT,T,
10802T, 5M2AT,T,
10804T, 5M2AT,T,
10805T, 5M2AT,T,
10809T, 5M2AT,T,
10810T, 5M2AT,T,
10811T, 5M2AT,T,
10812T, 5M2AT,T,
10813T, 5M2AT,T,
10814T, 5M2AT,T,
10816T, 5M2AT,T,
10817T, 5M2AT,T,
10822T, 5M2AT,T,
10823T, 5M2AT,T,
10827T, 5M2AT,T,
10828T, 5M2AT,T,
10829T, 5M2AT,T,
10830T, 5M2AT,T,
10831T, 5M2AT,T,
10832T, 5M2AT,T,
10833T, 5M2AT,T,
10836T, 5M2AT,T,
10838T, 5M2AT,T,
10839T, 5M2AT,T,
10840T, 5M2AT,T,
10842T, 5M2AT,T,
10997T, 5M2AT,T,
11138T, 5M2AT,T,
11144T, 5M2AT,T,
11145T, 5M2AT,T,
11152T, 5M2AT,T,
11154T, 5M2AT,T,
11158T, 5M2AT,T,
11159T, 5M2AT,T,
11161T, 5M2AT,T,
11166T, 5M2AT,T,
11168T, 5M2AT,T,
11169T, 5M2AT,T,
11171T, 5M2AT,T,
11180T, 5M2AT,T,
11185T, 5M2AT,T,
11994T, 5M2AT,T,
11998T, 5M2AT,T,
12024T, 5M2AT,T,
12125T, 5M2AT,T,
12199T, 5M2AT,T,
12200T, 5M2AT,T,
12272T, 5M2AT,T,
12377T, 5M2AT,T,
12387T, 5M2AT,T,
12406T, 5M2AT,T,
12408T, 5M2AT,T,
12410T, 5M2AT,T,
12414T, 5M2AT,T,
12421T, 5M2AT,T,
12423T, 5M2AT,T,
12430T, 5M2AT,T,
12431T, 5M2AT,T,
12435T, 5M2AT,T,
12440T, 5M2AT,T,
12444T, 5M2AT,T,
12445T, 5M2AT,T,
12451T, 5M2AT,T,
12458T, 5M2AT,T,
12461T, 5M2AT,T,
12464T, 5M2AT,T,
12466T, 5M2AT,T,
12476T, 5M2AT,T,
12478T, 5M2AT,T,
12576T, 5M2AT,T,
12577T, 5M2AT,T,
12580T, 5M2AT,T,
12649T, 5M2AT,T,
12650T, 5M2AT,T,
12657T, 5M2AT,T,
12878T, 5M2AT,T,
12880T, 5M2AT,T,
12982T, 5M2AT,T,
12983T, 5M2AT,T,
18238T, 5M2AT,T,
18553T, 5M2AT,T,
18565T, 5M2AT,T,
18573T, 5M2AT,T,
18584T, 5M2AT,T,
18602T, 5M2AT,T,
18609T, 5M2AT,T,
18618T, 5M2AT,T,
18619T, 5M2AT,T,
18624T, 5M2AT,T,
18626T, 5M2AT,T,
18627T, 5M2AT,T,
18634T, 5M2AT,T,
18635T, 5M2AT,T,
18637T, 5M2AT,T,
18640T, 5M2AT,T,
18648T, 5M2AT,T,
18650T, 5M2AT,T,
18651T, 5M2AT,T,
18654T, 5M2AT,T,
18668T, 5M2AT,T,
18669T, 5M2AT,T,
40089T, 5M2AT,T,
40090T, 5M2AT,T,
9771T, 5M2AT,T,
9775T, 5M2AT,T,
9785T, 5M2AT,T,
9799T, 5M2AT,T,
9806T, 5M2AT,T,
9951T, 5M2AT,T,
9968T, 5M2AT,T,
9980T, 5M2AT,T,
9992T, 5M2AT,T,
9995T, 5M2AT,T,
9996T, 5M2AT,T,
